{
    "(224.1448117684277, 226.52404302435937, 167.5640620056944)": [
        121,
        0
    ],
    "(206.6468788249694, 174.91982864137086, 158.28641370869033)": [
        159,
        0
    ],
    "(158.6485788113695, 82.7751937984496, 36.627260981912144)": [
        159,
        1
    ],
    "(116.30710955710956, 69.17482517482517, 84.9423076923077)": [
        159,
        10
    ],
    "(73.30509413067553, 58.6483942414175, 90.04097452934663)": [
        159,
        11
    ],
    "(76.15450361604208, 50.0026298487837, 34.61275476660092)": [
        159,
        12
    ],
    "(75.02439024390245, 82.2620533182076, 41.276233692569484)": [
        159,
        13
    ],
    "(141.00872093023256, 59.89360465116279, 45.78488372093023)": [
        159,
        14
    ],
    "(147.567581300813, 86.96646341463415, 106.58434959349593)": [
        159,
        2
    ],
    "(111.4857881136951, 106.50904392764858, 135.9596899224806)": [
        159,
        3
    ],
    "(101.44294213088156, 115.52568956192536, 51.66792861005949)": [
        159,
        5
    ],
    "(158.84444444444443, 77.1430894308943, 77.5490514905149)": [
        159,
        6
    ],
    "(56.790805785123965, 41.398243801652896, 34.56714876033058)": [
        159,
        7
    ],
    "(133.22967479674796, 104.81978319783198, 95.47560975609755)": [
        159,
        8
    ],
    "(85.7062937062937, 89.91608391608392, 89.87878787878788)": [
        159,
        9
    ],
    "(0.0, 16.06458524640343, 209.06468727680848)": [
        22,
        0
    ],
    "(218.0925, 218.0925, 218.0925)": [
        35,
        0
    ],
    "(240.7818, 117.9842, 19.3996)": [
        35,
        1
    ],
    "(123.63928329952671, 60.81372549019608, 176.8580121703854)": [
        35,
        10
    ],
    "(45.365716579686875, 56.031312725812924, 139.93697310317143)": [
        35,
        11
    ],
    "(177.21246973365618, 80.18704600484261, 186.0139225181598)": [
        35,
        2
    ],
    "(105.67718383311603, 136.33011734028682, 198.46910039113428)": [
        35,
        3
    ],
    "(216.46588235294118, 216.87653979238755, 49.334809688581316)": [
        35,
        4
    ],
    "(65.00463980463981, 171.7067155067155, 55.77826617826618)": [
        35,
        5
    ],
    "(205.57429931253304, 131.24986779481756, 151.44130089899525)": [
        35,
        6
    ],
    "(152.74591503267973, 158.98039215686273, 158.98529411764707)": [
        35,
        8
    ],
    "(45.767268445839875, 109.19466248037676, 135.824568288854)": [
        35,
        9
    ],
    "(254.03931623931624, 249.44993894993894, 102.13357753357754)": [
        41,
        0
    ],
    "(155.76850286160249, 127.23679760665974, 77.69297931841831)": [
        5,
        0
    ],
    "(79.51158982111363, 79.51158982111363, 79.51158982111363)": [
        7,
        0
    ]
}